 -- Assuming UID is a unique identifier for each customer
INSERT INTO Customers (UID, Name, HealthCondition, DOB, PIDs)
VALUES 
  ('1234567890123456', 'John Doe', 5, '1990-05-15', ARRAY['PID001', 'PID002']),
  ('2345678901234567', 'Jane Smith', 8, '1985-09-22', ARRAY['PID003']),
  ('3456789012345678', 'Alice Johnson', 3, '1995-11-10', ARRAY['PID004', 'PID005']),
  ('4567890123456789', 'Bob Wilson', 7, '1980-03-07', ARRAY['PID006']),
  ('5678901234567890', 'Eva Davis', 2, '2000-07-03', ARRAY['PID007', 'PID008']),
  ('1234567890123467', 'Chris Brown', 6, '1987-08-12', ARRAY['PID009']),
  ('2345678901234578', 'Sophie Miller', 4, '1993-04-28', ARRAY['PID010', 'PID011']),
  ('3456789012345689', 'Mike Johnson', 9, '1975-12-15', ARRAY['PID012']),
  ('4567890123456790', 'Laura White', 2, '2001-02-20', ARRAY['PID013', 'PID014']),
  ('5678901234567901', 'David Lee', 8, '1982-06-03', ARRAY['PID015']),
  ('6789012345679012', 'Emma Garcia', 5, '1998-10-09', ARRAY['PID016', 'PID017']),
  ('7890123456780123', 'Tom Robinson', 7, '1970-11-25', ARRAY['PID018']),
  ('8901234567890234', 'Olivia Taylor', 3, '1994-09-14', ARRAY['PID019', 'PID020']),
  ('9012345678901345', 'Ryan Davis', 1, '2005-03-30', ARRAY['PID021']),
  ('0123456789012456', 'Maria Smith', 10, '1988-07-18', ARRAY['PID022', 'PID023']);
  
  

INSERT INTO Admins (EID, Name, Policies)
VALUES 
  ('0123456789012345', 'Admin1', ARRAY['12345676', '12324432']),
  ('1234567890123456', 'Admin2', ARRAY['98765432', '87654321']),
  ('2345678901234567', 'Admin3', ARRAY['11112222', '33334444']),
  ('3456789012345678', 'Admin4', ARRAY['55556666', '77778888']),
  ('4567890123456789', 'Admin5', ARRAY['99990000', '12344321']);

INSERT INTO HEmp (HEID, Name, Policies, HID)
VALUES 
  ('2345678901234567', 'Employee2', ARRAY['11223344', '55667788'], '23422'),
  ('3456789012345678', 'Employee3', ARRAY['99887766', '44556677'], '34533'),
  ('4567890123456789', 'Employee4', ARRAY['55443322', '11223344'], '45644'),
  ('5678901234567890', 'Employee5', ARRAY['77889900', '00112233'], '56755'),
  ('6789012345678901', 'Employee6', ARRAY['33445566', '78901234'], '67866'),
  ('7890123456789012', 'Employee7', ARRAY['56789012', '12340123'], '78977'),
  ('8901234567890123', 'Employee8', ARRAY['98765432', '87654321'], '89088'),
  ('9012345678901234', 'Employee9', ARRAY['11223344', '44556677'], '90199'),
  ('0123456789012345', 'Employee10', ARRAY['99887766', '55443322'], '01200'),
  ('1234567890123456', 'Employee11', ARRAY['44556677', '33445566'], '12301');

INSERT INTO Policies (PID, startdate, enddate, pamount, UID, "Admin", Claims, Status)
VALUES 
  ('11000002', '2023-05-20', '2024-05-20', 1500.00, '2345678901234567', '7890123456780123', ARRAY['5678567856785678', '5678567856785678'], 'Active'),
  ('11000003', '2022-10-15', '2023-10-15', 1200.00, '3456789012345678', '9012345678901234', ARRAY['9876987698769876', '9876987698769876'], 'Inactive'),
  ('11000004', '2023-03-08', '2024-03-08', 800.00, '4567890123456789', '0123456789012345', ARRAY['3456345634563456', '3456345634563456'], 'Active'),
  ('11000005', '2024-01-05', '2025-01-05', 2000.00, '5678901234567890', '1234567890123456', ARRAY['2345234523452345', '2345234523452345'], 'Active'),
  ('11000006', '2022-08-12', '2023-08-12', 1700.00, '6789012345678901', '2345678901234567', ARRAY['8765876587658765', '8765876587658765'], 'Inactive'),
  ('11000007', '2023-06-25', '2024-06-25', 1300.00, '7890123456789012', '3456789012345678', ARRAY['1234123412341234', '1234123412341234'], 'Active');

  
  INSERT INTO Claims (CID, Customers, PolicyID, HEmpID, AdminID, Status, reqAmt)
VALUES 
  ('1100110000010002', '2345678901234567', '11000002', '2345678901234567', '7890123456780123', 'Approved', 700.00),
  ('1100110000010003', '3456789012345678', '11000003', '3456789012345678', '9012345678901234', 'Rejected', 1000.00),
  ('1100110000010004', '4567890123456789', '11000004', '4567890123456789', '0123456789012345', 'Pending', 800.00),
  ('1100110000010005', '5678901234567890', '11000005', '5678901234567890', '1234567890123456', 'Approved', 1200.00),
  ('1100110000010006', '6789012345678901', '11000006', '6789012345678901', '2345678901234567', 'Rejected', 950.00),
  ('1100110000010007', '7890123456789012', '11000007', '7890123456789012', '3456789012345678', 'Pending', 600.00),
  ('1100110000010008', '8901234567890123', '11000008', '8901234567890123', '4567890123456789', 'Approved', 850.00),
  ('1100110000010009', '9012345678901234', '11000009', '9012345678901234', '5678901234567890', 'Rejected', 1100.00),
  ('1100110000010010', '0123456789012345', '11000010', '0123456789012345', '6789012345678901', 'Pending', 900.00),
  ('1100110000010011', '1234567890123456', '11000011', '1234567890123456', '8901234567890123', 'Approved', 1300.00);

  
  